Species1,Species2,Species3,Time
264,273,195,0
266,284,211,1
245,257,258,2
268,301,249,3
285,275,271,4
265,300,234,5
275,316,270,6
290,313,264,7
272,308,300,8
278,288,292,9
291,321,301,10
257,302,332,11
322,302,327,12
307,321,322,13
301,333,343,14
288,326,350,15
277,340,365,16
284,314,339,17
256,331,359,18
268,351,380,19
308,302,383,20
298,343,347,21
277,367,367,22
316,347,380,23
289,368,362,24
278,333,379,25
281,360,409,26
276,368,423,27
298,353,417,28
277,348,392,29
304,350,412,30
310,369,426,31
287,379,402,32
306,354,419,33
313,370,381,34
284,344,446,35
309,376,440,36
333,367,414,37
319,360,441,38
301,392,425,39
307,388,454,40
305,357,440,41
289,404,464,42
322,404,449,43
319,436,466,44
330,392,454,45
289,444,452,46
310,423,459,47
300,446,448,48
293,478,437,49
310,419,448,50
294,435,470,51
352,424,436,52
284,456,474,53
325,423,422,54
329,437,453,55
352,430,482,56
330,428,487,57
338,448,457,58
309,458,456,59
334,421,502,60
284,455,484,61
332,441,489,62
325,439,504,63
335,464,491,64
318,479,495,65
344,435,502,66
330,470,486,67
342,456,477,68
333,458,494,69
318,466,482,70
332,445,474,71
349,480,470,72
342,475,500,73
331,497,488,74
309,515,475,75
350,480,497,76
345,500,487,77
339,486,482,78
331,470,506,79
332,476,478,80
343,464,520,81
355,471,490,82
338,492,487,83
332,518,486,84
353,499,501,85
347,519,503,86
339,492,497,87
325,503,514,88
342,516,500,89
331,507,549,90
318,518,471,91
367,507,519,92
346,507,509,93
327,540,492,94
379,518,506,95
318,534,506,96
326,537,518,97
357,523,541,98
345,511,522,99
345,568,531,100
353,530,518,101
307,541,491,102
356,553,493,103
369,560,495,104
359,518,483,105
369,552,514,106
362,549,502,107
354,559,513,108
322,518,509,109
336,571,502,110
351,538,512,111
333,542,536,112
381,564,495,113
348,575,496,114
343,573,534,115
327,566,519,116
358,607,509,117
319,577,516,118
362,541,499,119
354,580,496,120
344,593,494,121
357,595,502,122
373,568,514,123
339,580,497,124
356,605,476,125
359,593,501,126
384,573,501,127
361,620,482,128
341,604,532,129
346,588,506,130
350,611,478,131
363,584,482,132
344,624,506,133
358,597,541,134
359,575,513,135
350,575,526,136
328,586,513,137
357,635,499,138
314,625,483,139
365,615,542,140
321,603,554,141
318,630,533,142
314,612,525,143
347,629,529,144
346,625,497,145
328,635,538,146
347,578,514,147
356,640,488,148
330,585,569,149
350,631,535,150
335,605,519,151
351,651,491,152
342,639,502,153
321,614,580,154
287,668,537,155
333,662,575,156
350,617,549,157
342,630,518,158
329,613,526,159
293,658,516,160
324,671,555,161
320,628,559,162
327,662,543,163
331,671,539,164
347,647,513,165
312,645,493,166
337,680,514,167
345,682,501,168
339,691,517,169
331,663,514,170
333,661,534,171
345,665,505,172
328,691,520,173
322,679,517,174
322,676,486,175
336,681,539,176
327,705,525,177
323,738,495,178
347,647,534,179
314,700,518,180
314,651,561,181
326,719,506,182
316,729,503,183
331,689,514,184
337,706,471,185
320,691,518,186
349,734,517,187
334,688,529,188
335,698,525,189
320,760,479,190
323,685,542,191
308,749,520,192
313,708,493,193
353,725,488,194
368,705,509,195
322,684,516,196
348,668,520,197
359,724,485,198
373,667,511,199
362,688,479,200
309,654,558,201
334,749,501,202
342,723,502,203
347,686,540,204
342,734,506,205
330,731,495,206
337,734,501,207
332,706,543,208
327,739,519,209
316,733,525,210
328,737,525,211
307,713,574,212
330,716,566,213
353,743,505,214
332,720,519,215
351,703,515,216
333,739,523,217
291,752,512,218
341,729,485,219
308,768,494,220
329,768,515,221
323,773,542,222
309,744,530,223
317,729,547,224
314,756,521,225
334,800,516,226
333,766,512,227
332,768,473,228
328,760,495,229
317,797,525,230
328,763,509,231
326,792,495,232
350,756,510,233
355,772,510,234
313,761,519,235
345,773,517,236
351,774,488,237
342,745,510,238
323,794,492,239
325,777,527,240
307,808,500,241
324,816,497,242
339,762,517,243
302,739,513,244
329,739,510,245
338,799,508,246
293,808,553,247
287,802,486,248
322,809,486,249
316,813,499,250
318,801,490,251
313,819,521,252
317,776,508,253
323,852,463,254
327,800,478,255
311,812,507,256
308,833,455,257
321,786,507,258
353,818,451,259
325,778,468,260
299,813,511,261
314,759,501,262
291,791,486,263
332,776,505,264
335,813,486,265
290,838,487,266
290,807,501,267
304,846,487,268
301,821,500,269
321,782,511,270
287,810,510,271
314,799,506,272
342,785,497,273
326,819,511,274
303,826,487,275
289,833,491,276
287,812,489,277
330,791,520,278
278,818,505,279
292,803,502,280
290,816,513,281
303,804,527,282
313,789,516,283
274,849,512,284
311,849,504,285
325,823,514,286
277,826,513,287
302,816,545,288
273,882,524,289
295,824,503,290
295,853,452,291
280,903,536,292
267,892,507,293
301,805,528,294
300,823,537,295
301,778,549,296
284,850,528,297
277,815,568,298
255,838,489,299
271,858,501,300
268,868,509,301
256,842,543,302
283,827,532,303
283,836,504,304
267,856,553,305
285,885,478,306
249,885,455,307
296,864,463,308
282,888,455,309
279,913,459,310
276,908,466,311
269,925,491,312
269,893,494,313
302,872,494,314
286,910,486,315
272,863,497,316
267,862,507,317
266,900,500,318
290,909,457,319
292,923,480,320
281,876,489,321
275,886,515,322
291,869,457,323
263,913,492,324
298,895,496,325
257,963,466,326
286,878,490,327
259,971,461,328
260,930,486,329
276,871,477,330
255,960,454,331
281,901,453,332
270,936,460,333
245,927,488,334
270,889,501,335
258,927,444,336
267,893,533,337
236,977,502,338
297,920,496,339
267,940,499,340
250,980,458,341
274,939,462,342
270,969,474,343
279,913,472,344
267,940,460,345
240,937,486,346
251,962,469,347
257,973,463,348
262,951,453,349
248,988,444,350
285,934,492,351
273,957,465,352
251,904,508,353
287,967,450,354
239,984,456,355
284,969,485,356
250,966,486,357
265,982,473,358
259,968,492,359
277,959,489,360
274,946,475,361
276,974,486,362
256,963,504,363
277,947,485,364
259,939,499,365
246,945,473,366
259,979,488,367
261,971,481,368
260,1009,474,369
261,990,451,370
247,962,497,371
273,978,479,372
263,976,452,373
249,940,484,374
250,975,482,375
242,1008,452,376
258,961,504,377
245,1019,494,378
235,1046,446,379
267,990,473,380
237,967,508,381
250,1035,475,382
245,989,484,383
276,1002,492,384
249,989,471,385
219,1026,467,386
253,1006,482,387
232,1023,461,388
240,1023,454,389
249,1004,484,390
226,968,479,391
240,1046,439,392
248,971,436,393
229,991,460,394
238,1040,425,395
266,1031,443,396
242,990,442,397
267,1005,427,398
264,977,479,399
256,1028,442,400
244,1013,443,401
251,1060,429,402
250,1012,476,403
246,1053,440,404
243,975,492,405
268,1050,428,406
270,1014,455,407
228,994,491,408
246,998,483,409
271,1044,408,410
243,1002,451,411
238,1056,425,412
238,1006,416,413
251,1035,427,414
229,1066,443,415
259,1047,437,416
246,1035,427,417
234,1032,463,418
274,1052,446,419
267,1048,428,420
263,1086,420,421
247,1051,423,422
263,1068,424,423
259,1036,452,424
239,1057,463,425
249,1015,415,426
240,1083,400,427
215,1081,428,428
240,1076,416,429
244,1056,396,430
239,1081,429,431
254,1085,433,432
241,1042,404,433
252,1048,432,434
232,1091,380,435
256,1030,440,436
248,1070,421,437
255,1043,426,438
238,1093,414,439
250,1096,412,440
268,1080,413,441
262,1071,378,442
232,1085,397,443
262,1083,404,444
268,1032,373,445
239,1068,420,446
227,1082,382,447
225,1084,400,448
256,1090,389,449
247,1074,379,450
262,1090,405,451
231,1094,392,452
232,1114,387,453
240,1117,377,454
257,1057,416,455
226,1076,435,456
213,1109,410,457
233,1135,405,458
219,1145,388,459
219,1090,381,460
230,1089,402,461
237,1089,407,462
241,1081,378,463
231,1088,391,464
251,1059,412,465
233,1085,407,466
227,1109,411,467
231,1131,407,468
223,1141,396,469
233,1129,384,470
250,1063,380,471
229,1101,385,472
232,1080,415,473
255,1130,364,474
255,1092,394,475
243,1084,352,476
227,1096,387,477
226,1062,384,478
252,1085,398,479
244,1111,362,480
191,1131,382,481
250,1096,395,482
238,1090,401,483
246,1111,367,484
234,1115,378,485
273,1039,374,486
241,1072,398,487
260,1105,391,488
228,1065,398,489
249,1143,341,490
240,1102,345,491
265,1173,345,492
238,1128,360,493
257,1096,371,494
241,1146,355,495
256,1098,363,496
248,1124,362,497
253,1080,411,498
230,1121,347,499
238,1121,349,500
221,1134,365,501
248,1108,377,502
236,1101,385,503
236,1157,344,504
226,1082,397,505
220,1094,340,506
238,1136,357,507
264,1114,313,508
208,1164,365,509
264,1164,326,510
252,1111,390,511
255,1140,333,512
239,1154,329,513
231,1154,353,514
253,1129,350,515
217,1136,351,516
232,1144,365,517
216,1126,372,518
223,1144,319,519
228,1115,337,520
253,1125,299,521
216,1185,311,522
247,1192,314,523
276,1150,343,524
232,1224,299,525
219,1167,336,526
232,1171,320,527
256,1170,296,528
250,1178,323,529
228,1133,326,530
224,1186,294,531
223,1152,346,532
225,1149,317,533
219,1135,339,534
250,1160,341,535
242,1182,312,536
217,1144,340,537
219,1189,308,538
258,1138,315,539
216,1207,335,540
241,1196,338,541
230,1162,307,542
247,1174,359,543
236,1165,338,544
242,1212,301,545
249,1144,333,546
251,1164,357,547
223,1229,299,548
248,1173,314,549
229,1143,339,550
230,1151,355,551
237,1233,276,552
237,1186,309,553
257,1173,293,554
257,1179,311,555
242,1170,318,556
211,1197,331,557
229,1172,320,558
239,1204,288,559
262,1203,318,560
242,1176,306,561
233,1188,298,562
235,1172,315,563
231,1191,322,564
216,1216,322,565
231,1226,298,566
228,1202,308,567
232,1253,264,568
211,1231,271,569
242,1168,317,570
231,1235,277,571
250,1178,290,572
251,1174,293,573
215,1201,295,574
248,1219,284,575
219,1202,276,576
231,1236,275,577
184,1268,268,578
252,1223,279,579
219,1206,286,580
199,1231,300,581
207,1247,286,582
224,1279,299,583
222,1226,312,584
222,1262,290,585
198,1259,286,586
229,1224,309,587
205,1266,274,588
184,1259,273,589
191,1246,288,590
204,1202,354,591
210,1250,276,592
232,1265,299,593
200,1280,269,594
206,1242,286,595
203,1261,317,596
208,1246,301,597
185,1290,295,598
195,1270,267,599
216,1321,302,600
224,1281,284,601
205,1258,305,602
179,1293,306,603
200,1310,276,604
229,1249,276,605
229,1228,297,606
199,1229,296,607
194,1282,269,608
166,1289,306,609
202,1276,278,610
216,1251,250,611
197,1306,268,612
180,1213,318,613
201,1275,283,614
192,1304,288,615
214,1241,291,616
210,1298,261,617
191,1322,235,618
188,1308,255,619
201,1302,300,620
182,1333,235,621
188,1343,246,622
176,1283,290,623
191,1291,268,624
183,1336,269,625
178,1299,252,626
187,1297,290,627
191,1272,278,628
177,1297,260,629
185,1238,291,630
181,1302,273,631
182,1279,292,632
194,1299,243,633
168,1305,252,634
193,1256,251,635
187,1306,268,636
180,1259,268,637
193,1306,256,638
195,1313,243,639
201,1272,269,640
162,1312,271,641
167,1343,238,642
180,1334,256,643
183,1351,244,644
190,1311,265,645
175,1286,279,646
158,1319,244,647
174,1322,249,648
174,1311,241,649
184,1352,257,650
219,1313,244,651
175,1342,249,652
176,1316,245,653
183,1347,289,654
197,1354,233,655
171,1344,233,656
180,1393,206,657
156,1341,243,658
177,1348,239,659
160,1333,244,660
180,1368,253,661
172,1351,243,662
173,1350,249,663
178,1379,254,664
165,1380,250,665
174,1359,227,666
173,1321,247,667
171,1375,207,668
163,1379,247,669
177,1384,243,670
182,1365,263,671
155,1370,240,672
181,1388,243,673
176,1362,249,674
162,1402,222,675
182,1359,239,676
150,1370,257,677
173,1414,204,678
172,1342,240,679
160,1363,225,680
201,1354,229,681
158,1324,266,682
178,1361,214,683
157,1396,230,684
167,1344,222,685
153,1397,204,686
175,1372,227,687
158,1390,229,688
184,1354,257,689
182,1384,218,690
175,1422,220,691
166,1419,229,692
177,1408,238,693
195,1358,205,694
175,1406,218,695
197,1393,217,696
177,1396,228,697
162,1388,235,698
170,1360,245,699
156,1440,232,700
170,1388,245,701
170,1416,218,702
190,1365,227,703
169,1400,228,704
175,1438,237,705
150,1435,216,706
187,1440,198,707
153,1440,216,708
171,1407,248,709
163,1431,231,710
153,1394,238,711
167,1373,230,712
180,1408,227,713
155,1455,219,714
172,1463,189,715
165,1406,232,716
171,1389,200,717
152,1380,211,718
162,1428,204,719
168,1369,232,720
159,1355,254,721
152,1416,216,722
170,1403,231,723
135,1417,211,724
149,1430,224,725
148,1380,246,726
148,1371,283,727
149,1372,228,728
138,1437,208,729
140,1416,228,730
149,1406,225,731
137,1417,206,732
143,1401,229,733
160,1418,220,734
157,1431,222,735
149,1449,215,736
175,1421,231,737
160,1431,206,738
140,1422,199,739
150,1427,201,740
153,1433,213,741
168,1415,216,742
148,1448,208,743
139,1454,213,744
150,1434,206,745
157,1422,218,746
137,1411,228,747
155,1439,214,748
155,1449,229,749
140,1404,200,750
138,1405,223,751
161,1422,209,752
139,1453,200,753
166,1375,216,754
160,1467,189,755
128,1474,215,756
140,1473,190,757
132,1495,178,758
133,1459,196,759
136,1468,191,760
180,1436,200,761
143,1430,216,762
173,1448,183,763
139,1501,190,764
136,1466,202,765
159,1436,188,766
120,1480,203,767
156,1465,218,768
159,1475,164,769
156,1464,154,770
157,1428,187,771
136,1489,174,772
131,1530,161,773
146,1439,192,774
117,1485,198,775
163,1427,179,776
155,1449,187,777
103,1508,185,778
137,1500,181,779
135,1513,168,780
145,1466,187,781
130,1461,183,782
126,1506,141,783
131,1519,165,784
132,1481,180,785
123,1516,150,786
132,1476,171,787
131,1509,178,788
141,1460,183,789
134,1497,176,790
156,1474,164,791
137,1471,166,792
135,1463,173,793
134,1470,163,794
139,1515,177,795
145,1463,172,796
155,1448,168,797
138,1511,160,798
146,1517,173,799
134,1510,161,800
141,1494,161,801
147,1482,157,802
128,1496,165,803
147,1469,158,804
130,1535,140,805
123,1565,148,806
131,1517,164,807
140,1540,123,808
163,1455,151,809
126,1465,143,810
113,1530,161,811
134,1507,155,812
134,1560,138,813
117,1512,162,814
113,1532,160,815
150,1498,146,816
148,1499,147,817
130,1554,131,818
117,1517,122,819
150,1488,122,820
130,1489,151,821
159,1486,138,822
138,1538,133,823
146,1508,142,824
138,1481,158,825
130,1469,153,826
132,1524,132,827
129,1500,138,828
151,1504,133,829
141,1533,135,830
140,1506,153,831
153,1528,148,832
148,1513,145,833
152,1482,130,834
140,1519,133,835
142,1492,128,836
124,1532,150,837
130,1497,144,838
142,1513,141,839
139,1510,134,840
150,1449,150,841
130,1508,145,842
126,1497,164,843
138,1527,136,844
121,1540,124,845
133,1520,146,846
122,1563,127,847
129,1512,139,848
125,1556,136,849
137,1506,131,850
143,1528,135,851
137,1550,140,852
119,1492,142,853
152,1495,155,854
145,1494,132,855
140,1504,137,856
127,1500,141,857
141,1487,121,858
125,1549,129,859
123,1513,119,860
122,1517,111,861
135,1537,141,862
142,1524,140,863
128,1495,135,864
108,1558,128,865
137,1566,115,866
132,1524,124,867
140,1516,117,868
129,1525,121,869
151,1517,129,870
127,1554,127,871
125,1568,111,872
124,1534,135,873
132,1510,139,874
119,1515,105,875
116,1538,128,876
130,1515,124,877
130,1528,136,878
138,1520,123,879
129,1563,107,880
121,1517,129,881
125,1495,131,882
125,1534,131,883
127,1577,120,884
110,1533,133,885
122,1545,112,886
122,1548,112,887
137,1552,105,888
130,1569,116,889
116,1553,109,890
125,1545,123,891
127,1582,108,892
114,1580,113,893
132,1546,122,894
143,1579,111,895
116,1559,115,896
131,1576,100,897
135,1578,112,898
130,1586,104,899
120,1566,113,900
108,1553,112,901
115,1570,125,902
112,1566,94,903
112,1582,109,904
118,1558,116,905
100,1595,106,906
133,1551,125,907
112,1563,117,908
138,1560,119,909
99,1597,109,910
121,1578,109,911
117,1591,122,912
112,1558,136,913
115,1566,125,914
118,1563,114,915
144,1539,115,916
116,1616,129,917
121,1552,119,918
116,1524,103,919
119,1576,103,920
89,1617,93,921
126,1570,120,922
111,1597,116,923
127,1554,128,924
110,1551,117,925
116,1562,99,926
103,1589,109,927
118,1594,99,928
141,1545,97,929
122,1580,116,930
130,1554,117,931
123,1603,112,932
111,1580,120,933
112,1576,108,934
112,1562,121,935
117,1555,98,936
140,1592,91,937
137,1582,105,938
103,1554,121,939
114,1622,104,940
110,1555,107,941
108,1581,111,942
112,1561,112,943
130,1568,116,944
89,1600,115,945
106,1577,107,946
110,1562,107,947
124,1543,93,948
117,1604,106,949
113,1567,105,950
117,1525,135,951
118,1532,119,952
129,1519,104,953
119,1534,102,954
119,1571,105,955
108,1604,104,956
135,1538,114,957
110,1533,110,958
119,1524,99,959
106,1510,123,960
119,1559,110,961
103,1515,136,962
115,1511,139,963
134,1499,120,964
124,1501,119,965
124,1582,104,966
117,1591,122,967
128,1552,110,968
125,1516,109,969
125,1578,118,970
121,1520,108,971
110,1555,93,972
124,1552,96,973
122,1553,116,974
127,1532,102,975
117,1568,117,976
138,1501,107,977
97,1592,102,978
103,1515,117,979
124,1507,91,980
104,1571,122,981
120,1525,117,982
114,1575,105,983
109,1569,91,984
115,1533,115,985
114,1575,87,986
113,1576,94,987
117,1570,111,988
139,1558,99,989
134,1567,91,990
108,1570,86,991
118,1577,100,992
122,1586,79,993
105,1575,97,994
138,1569,90,995
115,1594,93,996
110,1570,103,997
121,1583,79,998
136,1561,103,999
114,1537,99,1000
106,1572,106,1001
104,1585,80,1002
110,1587,91,1003
107,1562,82,1004
131,1573,107,1005
96,1604,103,1006
98,1597,107,1007
116,1572,93,1008
93,1589,110,1009
98,1581,83,1010
124,1612,82,1011
126,1546,96,1012
94,1565,109,1013
126,1565,100,1014
97,1589,93,1015
105,1616,95,1016
113,1565,111,1017
107,1598,86,1018
106,1589,101,1019
114,1582,103,1020
97,1611,109,1021
95,1561,106,1022
111,1579,103,1023
99,1600,90,1024
97,1594,118,1025
90,1590,106,1026
91,1579,91,1027
95,1618,88,1028
82,1625,98,1029
90,1630,98,1030
88,1617,102,1031
96,1610,106,1032
83,1617,106,1033
102,1620,103,1034
90,1610,104,1035
123,1564,100,1036
107,1595,98,1037
99,1617,103,1038
107,1589,78,1039
120,1587,82,1040
108,1573,90,1041
112,1575,95,1042
107,1570,86,1043
96,1568,82,1044
110,1596,88,1045
95,1592,79,1046
81,1571,105,1047
100,1616,101,1048
99,1601,71,1049
129,1525,113,1050
107,1577,94,1051
94,1617,91,1052
91,1601,88,1053
114,1604,92,1054
85,1640,103,1055
86,1580,110,1056
89,1563,96,1057
101,1613,87,1058
101,1579,96,1059
113,1563,83,1060
106,1587,99,1061
89,1577,100,1062
86,1622,97,1063
99,1606,99,1064
97,1606,100,1065
77,1632,72,1066
86,1581,66,1067
86,1628,86,1068
105,1600,80,1069
86,1618,91,1070
96,1630,86,1071
92,1609,98,1072
77,1614,99,1073
84,1609,95,1074
80,1584,90,1075
75,1607,86,1076
89,1613,70,1077
77,1603,86,1078
76,1636,86,1079
81,1643,84,1080
89,1641,78,1081
95,1579,81,1082
90,1629,72,1083
82,1636,85,1084
87,1647,74,1085
88,1648,84,1086
95,1600,77,1087
88,1622,85,1088
102,1609,86,1089
92,1645,82,1090
83,1642,101,1091
99,1616,87,1092
100,1586,80,1093
96,1632,67,1094
70,1628,85,1095
84,1675,74,1096
83,1612,99,1097
97,1623,91,1098
103,1608,92,1099
88,1611,93,1100
91,1662,79,1101
107,1611,74,1102
77,1635,78,1103
93,1604,72,1104
82,1662,69,1105
81,1655,76,1106
95,1595,78,1107
99,1620,69,1108
83,1648,92,1109
85,1671,83,1110
90,1600,83,1111
92,1631,74,1112
82,1609,84,1113
87,1618,86,1114
79,1640,94,1115
89,1630,77,1116
80,1615,77,1117
80,1695,71,1118
95,1610,75,1119
97,1602,91,1120
92,1643,77,1121
81,1602,82,1122
101,1642,81,1123
104,1620,74,1124
112,1599,72,1125
107,1651,82,1126
110,1616,70,1127
90,1582,73,1128
91,1686,62,1129
91,1647,65,1130
100,1632,75,1131
100,1606,63,1132
103,1621,83,1133
74,1680,66,1134
86,1648,69,1135
90,1648,66,1136
85,1651,66,1137
100,1625,70,1138
98,1627,68,1139
86,1643,58,1140
97,1637,64,1141
88,1685,59,1142
104,1659,50,1143
90,1649,69,1144
87,1602,72,1145
96,1624,71,1146
81,1686,61,1147
102,1647,69,1148
104,1667,49,1149
94,1659,59,1150
78,1661,59,1151
97,1659,59,1152
92,1646,70,1153
76,1648,59,1154
87,1663,57,1155
93,1653,63,1156
93,1691,69,1157
84,1665,68,1158
69,1642,73,1159
73,1687,67,1160
93,1603,65,1161
90,1681,56,1162
82,1647,52,1163
96,1633,57,1164
76,1657,61,1165
95,1629,64,1166
84,1626,61,1167
84,1654,70,1168
71,1724,57,1169
75,1690,57,1170
80,1666,65,1171
86,1644,62,1172
78,1648,59,1173
94,1653,55,1174
94,1652,48,1175
83,1676,56,1176
70,1675,41,1177
82,1651,51,1178
83,1665,48,1179
68,1718,46,1180
89,1633,54,1181
67,1709,56,1182
87,1645,64,1183
86,1644,59,1184
69,1655,57,1185
83,1657,54,1186
86,1655,63,1187
71,1702,56,1188
99,1629,58,1189
69,1631,60,1190
92,1689,55,1191
82,1681,54,1192
84,1675,67,1193
102,1631,55,1194
105,1622,59,1195
86,1621,77,1196
95,1651,66,1197
98,1667,63,1198
82,1646,65,1199
84,1665,52,1200
82,1660,48,1201
87,1667,53,1202
73,1657,63,1203
72,1671,60,1204
78,1693,49,1205
79,1671,52,1206
79,1626,43,1207
88,1646,52,1208
70,1702,63,1209
72,1689,51,1210
72,1653,66,1211
80,1638,59,1212
76,1676,68,1213
76,1699,51,1214
85,1673,44,1215
84,1667,61,1216
65,1678,44,1217
65,1680,55,1218
73,1721,59,1219
62,1657,55,1220
71,1670,54,1221
66,1648,59,1222
76,1676,51,1223
80,1664,53,1224
70,1670,49,1225
70,1661,40,1226
62,1671,64,1227
75,1651,47,1228
62,1698,61,1229
67,1681,42,1230
64,1682,51,1231
72,1649,35,1232
49,1698,49,1233
72,1643,46,1234
57,1652,48,1235
69,1726,43,1236
70,1665,53,1237
60,1732,52,1238
53,1696,52,1239
57,1664,48,1240
63,1711,56,1241
64,1649,52,1242
69,1692,58,1243
63,1640,56,1244
52,1675,39,1245
64,1738,48,1246
53,1705,52,1247
78,1641,60,1248
68,1698,52,1249
70,1648,47,1250
50,1667,39,1251
65,1634,63,1252
81,1661,38,1253
53,1663,48,1254
50,1663,53,1255
70,1697,45,1256
58,1667,45,1257
69,1617,47,1258
61,1687,46,1259
67,1684,40,1260
71,1675,45,1261
49,1686,40,1262
61,1706,39,1263
64,1647,47,1264
61,1702,49,1265
73,1648,49,1266
65,1710,45,1267
57,1700,40,1268
53,1691,51,1269
62,1667,45,1270
64,1733,36,1271
60,1673,38,1272
64,1723,39,1273
63,1700,38,1274
53,1709,39,1275
68,1697,49,1276
57,1678,60,1277
58,1692,44,1278
68,1687,46,1279
60,1722,47,1280
68,1680,42,1281
75,1678,50,1282
48,1686,55,1283
71,1678,51,1284
58,1699,51,1285
54,1652,40,1286
51,1703,45,1287
58,1688,44,1288
66,1687,49,1289
62,1673,48,1290
68,1667,56,1291
46,1696,43,1292
51,1695,55,1293
54,1718,50,1294
59,1681,47,1295
54,1701,47,1296
67,1671,49,1297
71,1710,46,1298
63,1708,46,1299
61,1692,41,1300
55,1671,56,1301
60,1731,41,1302
69,1697,41,1303
58,1701,47,1304
50,1666,57,1305
56,1690,41,1306
58,1704,54,1307
50,1751,47,1308
55,1682,62,1309
62,1715,54,1310
64,1699,34,1311
55,1704,46,1312
62,1676,43,1313
45,1699,43,1314
57,1691,36,1315
57,1691,32,1316
55,1712,29,1317
57,1712,40,1318
66,1702,34,1319
54,1688,37,1320
55,1697,29,1321
67,1683,40,1322
50,1693,38,1323
73,1669,39,1324
60,1703,49,1325
62,1669,41,1326
62,1715,46,1327
58,1696,38,1328
66,1663,40,1329
57,1694,32,1330
66,1706,41,1331
54,1674,59,1332
71,1698,42,1333
47,1660,42,1334
75,1690,38,1335
57,1685,52,1336
67,1682,48,1337
60,1693,35,1338
48,1697,34,1339
55,1700,30,1340
61,1672,43,1341
61,1679,39,1342
64,1682,30,1343
72,1657,36,1344
64,1676,45,1345
83,1672,42,1346
53,1709,36,1347
66,1705,42,1348
55,1714,41,1349
55,1744,28,1350
65,1680,41,1351
42,1681,46,1352
59,1683,40,1353
57,1662,21,1354
62,1699,34,1355
62,1652,39,1356
50,1762,38,1357
45,1720,36,1358
65,1686,44,1359
68,1676,41,1360
56,1702,31,1361
58,1641,35,1362
73,1700,35,1363
51,1650,47,1364
62,1665,33,1365
62,1714,45,1366
56,1659,47,1367
47,1737,34,1368
55,1709,49,1369
44,1727,37,1370
72,1682,32,1371
59,1725,45,1372
44,1720,43,1373
63,1706,35,1374
62,1719,34,1375
55,1710,36,1376
67,1751,32,1377
61,1711,41,1378
54,1706,37,1379
58,1743,46,1380
47,1722,36,1381
65,1639,45,1382
58,1660,45,1383
52,1707,46,1384
60,1682,42,1385
62,1649,45,1386
54,1706,47,1387
48,1697,30,1388
57,1671,45,1389
46,1726,41,1390
58,1689,42,1391
50,1727,47,1392
67,1688,41,1393
39,1701,44,1394
58,1710,35,1395
48,1730,28,1396
40,1716,33,1397
63,1724,41,1398
41,1746,36,1399
65,1725,36,1400
54,1743,29,1401
42,1742,37,1402
45,1746,36,1403
69,1721,27,1404
62,1711,44,1405
56,1741,38,1406
67,1717,40,1407
56,1704,39,1408
46,1761,35,1409
48,1775,35,1410
66,1751,33,1411
57,1725,42,1412
52,1727,44,1413
50,1769,42,1414
50,1769,36,1415
53,1716,44,1416
57,1716,40,1417
49,1757,37,1418
57,1726,38,1419
57,1744,49,1420
59,1744,36,1421
45,1731,55,1422
58,1764,32,1423
64,1730,44,1424
60,1729,39,1425
54,1754,36,1426
60,1716,38,1427
54,1705,31,1428
51,1777,36,1429
68,1694,39,1430
56,1736,31,1431
70,1699,31,1432
61,1712,41,1433
55,1752,24,1434
58,1728,40,1435
54,1726,43,1436
59,1721,44,1437
65,1674,32,1438
49,1733,42,1439
57,1749,37,1440
56,1757,40,1441
53,1730,35,1442
57,1708,43,1443
52,1679,24,1444
50,1745,38,1445
50,1759,36,1446
42,1719,27,1447
61,1711,43,1448
49,1749,35,1449
43,1768,31,1450
59,1733,41,1451
56,1734,30,1452
59,1715,44,1453
48,1800,34,1454
43,1730,39,1455
58,1754,28,1456
47,1701,40,1457
58,1746,21,1458
55,1726,38,1459
60,1743,33,1460
43,1730,37,1461
64,1756,38,1462
58,1740,41,1463
56,1757,32,1464
44,1759,34,1465
64,1756,25,1466
63,1784,34,1467
54,1723,37,1468
43,1708,34,1469
53,1716,36,1470
51,1726,35,1471
50,1709,33,1472
53,1742,36,1473
52,1714,36,1474
55,1732,36,1475
52,1741,20,1476
50,1753,27,1477
51,1763,29,1478
53,1753,29,1479
47,1693,28,1480
56,1775,31,1481
41,1737,26,1482
47,1725,27,1483
43,1740,30,1484
65,1718,28,1485
64,1727,26,1486
47,1740,33,1487
47,1750,31,1488
46,1721,23,1489
60,1730,22,1490
42,1759,35,1491
72,1729,30,1492
51,1747,27,1493
42,1740,27,1494
44,1714,34,1495
59,1703,30,1496
64,1723,35,1497
61,1696,28,1498
52,1719,38,1499
60,1749,28,1500
48,1759,19,1501
29,1766,22,1502
50,1771,32,1503
61,1754,32,1504
49,1705,33,1505
36,1755,24,1506
48,1747,34,1507
49,1757,20,1508
57,1729,26,1509
47,1761,34,1510
53,1748,37,1511
47,1733,36,1512
50,1735,35,1513
36,1716,45,1514
50,1754,42,1515
50,1739,21,1516
61,1699,32,1517
42,1747,27,1518
52,1736,24,1519
59,1729,29,1520
48,1744,34,1521
47,1723,24,1522
64,1669,28,1523
45,1742,24,1524
41,1727,39,1525
51,1673,36,1526
41,1715,23,1527
41,1717,28,1528
51,1723,23,1529
48,1734,23,1530
52,1749,16,1531
46,1740,18,1532
54,1720,25,1533
41,1724,31,1534
55,1691,24,1535
59,1731,20,1536
45,1719,28,1537
50,1750,21,1538
48,1741,24,1539
42,1736,13,1540
44,1715,23,1541
54,1742,22,1542
50,1699,20,1543
45,1705,25,1544
37,1754,26,1545
42,1776,28,1546
45,1710,26,1547
38,1714,17,1548
46,1718,29,1549
42,1720,35,1550
49,1712,36,1551
29,1749,24,1552
41,1745,35,1553
50,1696,19,1554
53,1750,23,1555
58,1701,29,1556
56,1697,23,1557
51,1764,37,1558
42,1745,29,1559
46,1733,36,1560
37,1764,28,1561
49,1743,24,1562
39,1752,30,1563
43,1773,21,1564
51,1732,23,1565
41,1741,29,1566
51,1755,29,1567
58,1739,14,1568
45,1746,29,1569
54,1703,24,1570
43,1716,25,1571
48,1777,28,1572
42,1745,21,1573
49,1733,18,1574
44,1768,27,1575
43,1717,30,1576
50,1710,34,1577
53,1750,24,1578
59,1763,20,1579
52,1725,17,1580
49,1796,19,1581
57,1713,32,1582
51,1745,21,1583
49,1723,21,1584
36,1709,33,1585
53,1716,29,1586
48,1706,19,1587
43,1703,27,1588
48,1721,22,1589
62,1704,19,1590
47,1717,25,1591
45,1739,29,1592
53,1704,38,1593
41,1729,20,1594
54,1752,14,1595
44,1739,29,1596
49,1703,31,1597
47,1743,14,1598
35,1755,16,1599
51,1706,23,1600
49,1723,21,1601
40,1714,15,1602
44,1676,34,1603
38,1702,22,1604
38,1783,21,1605
40,1719,33,1606
37,1763,19,1607
45,1683,25,1608
53,1708,34,1609
42,1715,24,1610
49,1737,23,1611
38,1726,31,1612
56,1731,25,1613
50,1709,30,1614
48,1717,17,1615
51,1725,33,1616
63,1738,24,1617
44,1727,29,1618
44,1722,20,1619
53,1725,25,1620
45,1714,24,1621
40,1790,19,1622
32,1755,13,1623
42,1713,29,1624
42,1738,19,1625
42,1768,20,1626
35,1691,26,1627
47,1701,23,1628
30,1719,22,1629
46,1700,25,1630
53,1694,9,1631
34,1732,14,1632
51,1703,17,1633
39,1769,15,1634
54,1687,23,1635
38,1737,33,1636
33,1726,28,1637
34,1701,29,1638
38,1729,24,1639
49,1745,18,1640
58,1771,21,1641
38,1701,33,1642
33,1712,27,1643
41,1741,23,1644
49,1712,18,1645
43,1721,22,1646
53,1721,26,1647
42,1787,17,1648
43,1752,19,1649
48,1700,35,1650
46,1759,25,1651
46,1755,24,1652
39,1717,24,1653
43,1708,21,1654
41,1756,16,1655
53,1671,23,1656
40,1761,20,1657
57,1741,26,1658
56,1752,28,1659
51,1730,20,1660
53,1723,23,1661
44,1738,25,1662
46,1722,21,1663
46,1732,20,1664
40,1752,22,1665
51,1808,9,1666
30,1760,24,1667
37,1772,18,1668
43,1793,11,1669
42,1719,14,1670
31,1753,16,1671
38,1800,9,1672
42,1738,20,1673
48,1705,17,1674
41,1767,18,1675
39,1777,22,1676
45,1746,17,1677
32,1748,21,1678
33,1791,12,1679
42,1720,23,1680
41,1792,15,1681
44,1727,15,1682
42,1745,18,1683
35,1784,11,1684
44,1731,18,1685
37,1767,7,1686
35,1764,12,1687
37,1770,13,1688
37,1738,18,1689
45,1714,27,1690
44,1766,23,1691
42,1732,20,1692
33,1750,17,1693
44,1747,20,1694
31,1746,16,1695
27,1801,20,1696
33,1750,19,1697
35,1729,17,1698
38,1757,14,1699
30,1756,13,1700
42,1761,18,1701
28,1754,19,1702
34,1766,13,1703
28,1776,12,1704
28,1759,12,1705
35,1743,10,1706
42,1726,10,1707
37,1768,11,1708
46,1754,18,1709
32,1774,6,1710
47,1727,4,1711
39,1759,18,1712
33,1764,12,1713
27,1749,12,1714
44,1757,11,1715
44,1725,12,1716
36,1744,11,1717
40,1771,5,1718
30,1754,9,1719
34,1787,16,1720
38,1725,8,1721
26,1770,5,1722
29,1766,12,1723
40,1767,15,1724
43,1731,9,1725
26,1739,7,1726
35,1787,11,1727
44,1761,7,1728
43,1746,8,1729
35,1748,8,1730
31,1775,13,1731
24,1805,13,1732
30,1783,15,1733
31,1778,13,1734
34,1763,6,1735
24,1799,7,1736
27,1810,11,1737
28,1753,13,1738
28,1756,11,1739
31,1749,10,1740
36,1763,11,1741
27,1814,10,1742
26,1800,9,1743
20,1775,11,1744
35,1760,13,1745
25,1772,8,1746
31,1798,9,1747
40,1733,14,1748
31,1769,17,1749
30,1782,12,1750
38,1781,12,1751
33,1806,8,1752
30,1760,12,1753
30,1777,13,1754
32,1796,5,1755
36,1754,8,1756
36,1781,6,1757
28,1785,9,1758
21,1720,14,1759
32,1772,11,1760
27,1776,7,1761
32,1761,10,1762
32,1747,12,1763
30,1792,12,1764
40,1756,7,1765
28,1754,5,1766
27,1769,5,1767
28,1772,7,1768
28,1789,6,1769
28,1824,6,1770
18,1805,6,1771
25,1766,7,1772
28,1780,4,1773
35,1770,6,1774
26,1805,7,1775
28,1793,4,1776
18,1812,6,1777
35,1809,5,1778
21,1806,8,1779
24,1741,5,1780
31,1783,5,1781
17,1798,7,1782
16,1795,2,1783
19,1790,4,1784
35,1800,6,1785
20,1823,6,1786
15,1831,6,1787
19,1800,8,1788
28,1827,7,1789
18,1797,4,1790
13,1834,7,1791
33,1771,9,1792
17,1776,5,1793
23,1771,5,1794
23,1776,8,1795
22,1801,4,1796
15,1783,9,1797
21,1764,9,1798
15,1784,5,1799
18,1809,5,1800
23,1767,12,1801
17,1757,5,1802
18,1823,16,1803
20,1778,9,1804
19,1792,11,1805
16,1820,12,1806
19,1801,5,1807
16,1789,5,1808
18,1783,3,1809
23,1796,7,1810
14,1825,6,1811
20,1841,1,1812
17,1796,11,1813
11,1746,9,1814
16,1811,3,1815
20,1795,5,1816
17,1824,0,1817
24,1815,1,1818
23,1821,2,1819
22,1830,1,1820
15,1806,0,1821
14,1813,1,1822
20,1794,2,1823
10,1828,0,1824
18,1830,1,1825
12,1777,2,1826
23,1796,3,1827
15,1797,0,1828
17,1808,1,1829
17,1797,1,1830
10,1807,0,1831
14,1777,1,1832
15,1826,2,1833
15,1806,1,1834
17,1788,0,1835
23,1791,1,1836
19,1842,1,1837
17,1830,0,1838
12,1800,2,1839
16,1834,0,1840
20,1809,0,1841
19,1824,0,1842
17,1796,4,1843
17,1827,3,1844
23,1804,1,1845
25,1826,2,1846
15,1818,0,1847
20,1807,1,1848
21,1828,6,1849
19,1807,0,1850
16,1833,0,1851
16,1827,1,1852
20,1818,2,1853
16,1829,2,1854
10,1792,0,1855
18,1757,0,1856
13,1828,0,1857
17,1821,0,1858
12,1795,0,1859
17,1800,0,1860
16,1800,0,1861
18,1829,0,1862
14,1815,0,1863
19,1802,0,1864
19,1799,0,1865
24,1802,0,1866
16,1800,0,1867
17,1791,0,1868
9,1819,0,1869
15,1812,0,1870
14,1829,0,1871
16,1839,0,1872
18,1825,0,1873
14,1781,0,1874
24,1812,0,1875
10,1801,0,1876
11,1792,0,1877
16,1832,0,1878
16,1794,0,1879
14,1758,0,1880
12,1806,0,1881
13,1794,0,1882
15,1792,0,1883
16,1803,0,1884
11,1817,0,1885
15,1797,0,1886
11,1829,0,1887
9,1808,0,1888
13,1824,0,1889
18,1805,0,1890
17,1804,0,1891
21,1843,0,1892
18,1876,0,1893
7,1825,0,1894
23,1797,0,1895
13,1845,0,1896
17,1782,0,1897
15,1790,0,1898
15,1833,0,1899
17,1824,0,1900
18,1792,0,1901
14,1818,0,1902
16,1792,0,1903
19,1868,0,1904
18,1867,0,1905
15,1836,0,1906
11,1835,0,1907
16,1791,0,1908
27,1797,0,1909
19,1798,0,1910
13,1826,0,1911
15,1828,0,1912
15,1820,0,1913
17,1817,0,1914
20,1825,0,1915
21,1805,0,1916
16,1813,0,1917
19,1773,0,1918
12,1846,0,1919
16,1793,0,1920
23,1812,0,1921
18,1826,0,1922
10,1840,0,1923
16,1795,0,1924
14,1820,0,1925
19,1826,0,1926
11,1855,0,1927
15,1847,0,1928
20,1831,0,1929
17,1821,0,1930
9,1821,0,1931
18,1796,0,1932
15,1843,0,1933
10,1830,0,1934
16,1855,0,1935
23,1801,0,1936
20,1804,0,1937
20,1806,0,1938
17,1778,0,1939
18,1851,0,1940
22,1801,0,1941
22,1860,0,1942
14,1786,0,1943
16,1822,0,1944
19,1819,0,1945
12,1847,0,1946
12,1791,0,1947
12,1811,0,1948
20,1789,0,1949
18,1819,0,1950
21,1787,0,1951
13,1770,0,1952
18,1782,0,1953
14,1817,0,1954
13,1792,0,1955
16,1822,0,1956
14,1798,0,1957
22,1789,0,1958
17,1843,0,1959
14,1800,0,1960
15,1767,0,1961
19,1802,0,1962
18,1807,0,1963
10,1827,0,1964
11,1780,0,1965
8,1819,0,1966
14,1793,0,1967
9,1810,0,1968
14,1787,0,1969
17,1803,0,1970
14,1821,0,1971
16,1817,0,1972
7,1753,0,1973
20,1782,0,1974
15,1794,0,1975
14,1837,0,1976
13,1818,0,1977
14,1772,0,1978
19,1822,0,1979
11,1778,0,1980
13,1801,0,1981
21,1785,0,1982
13,1809,0,1983
16,1782,0,1984
12,1789,0,1985
21,1820,0,1986
20,1843,0,1987
12,1820,0,1988
19,1791,0,1989
15,1832,0,1990
14,1812,0,1991
17,1818,0,1992
12,1793,0,1993
14,1822,0,1994
13,1810,0,1995
18,1794,0,1996
8,1810,0,1997
14,1820,0,1998
10,1817,0,1999
12,1837,0,2000
18,1830,0,2001
14,1794,0,2002
21,1790,0,2003
16,1785,0,2004
21,1833,0,2005
22,1792,0,2006
17,1826,0,2007
9,1818,0,2008
30,1790,0,2009
16,1806,0,2010
17,1813,0,2011
31,1783,0,2012
20,1804,0,2013
23,1823,0,2014
19,1778,0,2015
18,1824,0,2016
10,1821,0,2017
22,1787,0,2018
28,1784,0,2019
23,1756,0,2020
12,1831,0,2021
20,1785,0,2022
23,1785,0,2023
23,1778,0,2024
13,1791,0,2025
17,1794,0,2026
25,1827,0,2027
18,1795,0,2028
23,1818,0,2029
16,1811,0,2030
21,1800,0,2031
21,1783,0,2032
29,1776,0,2033
23,1756,0,2034
30,1740,0,2035
21,1713,0,2036
15,1808,0,2037
16,1759,0,2038
21,1767,0,2039
26,1729,0,2040
22,1740,0,2041
21,1781,0,2042
26,1796,0,2043
17,1811,0,2044
14,1778,0,2045
11,1821,0,2046
17,1769,0,2047
23,1794,0,2048
20,1778,0,2049
18,1755,0,2050
16,1794,0,2051
24,1779,0,2052
22,1760,0,2053
13,1781,0,2054
17,1783,0,2055
16,1784,0,2056
27,1744,0,2057
20,1776,0,2058
22,1766,0,2059
23,1783,0,2060
25,1819,0,2061
27,1805,0,2062
21,1771,0,2063
28,1783,0,2064
27,1772,0,2065
18,1787,0,2066
24,1783,0,2067
26,1767,0,2068
15,1804,0,2069
16,1772,0,2070
18,1814,0,2071
27,1799,0,2072
23,1755,0,2073
27,1772,0,2074
29,1779,0,2075
18,1762,0,2076
18,1738,0,2077
20,1792,0,2078
26,1786,0,2079
23,1787,0,2080
26,1776,0,2081
32,1785,0,2082
22,1772,0,2083
13,1778,0,2084
21,1813,0,2085
22,1782,0,2086
23,1773,0,2087
14,1810,0,2088
24,1778,0,2089
20,1815,0,2090
22,1791,0,2091
23,1802,0,2092
13,1802,0,2093
15,1806,0,2094
27,1772,0,2095
19,1782,0,2096
17,1810,0,2097
16,1785,0,2098
16,1730,0,2099
17,1732,0,2100
20,1809,0,2101
25,1760,0,2102
26,1762,0,2103
19,1771,0,2104
19,1791,0,2105
13,1818,0,2106
12,1791,0,2107
17,1782,0,2108
13,1841,0,2109
14,1795,0,2110
18,1827,0,2111
22,1799,0,2112
16,1783,0,2113
18,1806,0,2114
22,1805,0,2115
18,1769,0,2116
21,1779,0,2117
25,1768,0,2118
23,1832,0,2119
24,1785,0,2120
21,1774,0,2121
16,1807,0,2122
18,1779,0,2123
18,1806,0,2124
15,1748,0,2125
23,1795,0,2126
20,1798,0,2127
14,1742,0,2128
17,1789,0,2129
26,1775,0,2130
22,1780,0,2131
22,1833,0,2132
18,1768,0,2133
19,1805,0,2134
28,1768,0,2135
16,1776,0,2136
26,1778,0,2137
22,1764,0,2138
23,1814,0,2139
15,1783,0,2140
14,1783,0,2141
17,1761,0,2142
19,1843,0,2143
15,1820,0,2144
28,1756,0,2145
12,1849,0,2146
12,1807,0,2147
20,1781,0,2148
24,1797,0,2149
15,1774,0,2150
17,1776,0,2151
22,1780,0,2152
11,1786,0,2153
24,1805,0,2154
25,1767,0,2155
18,1823,0,2156
14,1817,0,2157
22,1815,0,2158
23,1794,0,2159
20,1800,0,2160
19,1793,0,2161
23,1850,0,2162
21,1813,0,2163
21,1816,0,2164
21,1802,0,2165
21,1767,0,2166
15,1800,0,2167
20,1838,0,2168
15,1819,0,2169
9,1823,0,2170
19,1847,0,2171
13,1856,0,2172
14,1784,0,2173
19,1818,0,2174
18,1823,0,2175
17,1774,0,2176
5,1839,0,2177
15,1793,0,2178
16,1838,0,2179
15,1804,0,2180
12,1798,0,2181
14,1803,0,2182
15,1828,0,2183
18,1820,0,2184
10,1765,0,2185
13,1786,0,2186
14,1787,0,2187
12,1845,0,2188
18,1827,0,2189
10,1839,0,2190
9,1816,0,2191
15,1802,0,2192
11,1760,0,2193
15,1795,0,2194
18,1776,0,2195
12,1808,0,2196
13,1786,0,2197
13,1775,0,2198
16,1818,0,2199
15,1765,0,2200
10,1784,0,2201
12,1827,0,2202
9,1799,0,2203
16,1785,0,2204
16,1789,0,2205
11,1837,0,2206
11,1788,0,2207
18,1850,0,2208
20,1795,0,2209
11,1769,0,2210
15,1787,0,2211
9,1814,0,2212
14,1772,0,2213
20,1803,0,2214
19,1809,0,2215
12,1787,0,2216
12,1807,0,2217
17,1794,0,2218
14,1799,0,2219
15,1803,0,2220
7,1790,0,2221
19,1811,0,2222
16,1805,0,2223
16,1816,0,2224
9,1792,0,2225
12,1787,0,2226
9,1750,0,2227
13,1763,0,2228
9,1843,0,2229
6,1800,0,2230
9,1762,0,2231
11,1840,0,2232
13,1817,0,2233
7,1805,0,2234
7,1837,0,2235
11,1817,0,2236
17,1850,0,2237
15,1808,0,2238
7,1829,0,2239
5,1826,0,2240
7,1837,0,2241
12,1770,0,2242
4,1818,0,2243
12,1824,0,2244
7,1783,0,2245
9,1803,0,2246
12,1794,0,2247
10,1815,0,2248
10,1846,0,2249
13,1830,0,2250
13,1756,0,2251
7,1749,0,2252
8,1766,0,2253
7,1820,0,2254
7,1755,0,2255
5,1787,0,2256
12,1797,0,2257
12,1790,0,2258
7,1788,0,2259
9,1805,0,2260
11,1802,0,2261
5,1810,0,2262
10,1750,0,2263
4,1793,0,2264
5,1782,0,2265
7,1784,0,2266
10,1793,0,2267
7,1798,0,2268
7,1782,0,2269
6,1826,0,2270
12,1823,0,2271
7,1818,0,2272
6,1789,0,2273
5,1791,0,2274
8,1787,0,2275
7,1784,0,2276
6,1836,0,2277
8,1792,0,2278
9,1793,0,2279
11,1767,0,2280
7,1773,0,2281
7,1763,0,2282
10,1796,0,2283
4,1788,0,2284
15,1802,0,2285
12,1772,0,2286
10,1774,0,2287
7,1754,0,2288
17,1778,0,2289
9,1779,0,2290
5,1776,0,2291
11,1756,0,2292
9,1784,0,2293
7,1765,0,2294
7,1760,0,2295
7,1771,0,2296
8,1809,0,2297
8,1786,0,2298
6,1790,0,2299
8,1796,0,2300
9,1799,0,2301
6,1787,0,2302
9,1813,0,2303
8,1781,0,2304
2,1783,0,2305
9,1792,0,2306
5,1770,0,2307
5,1803,0,2308
10,1781,0,2309
6,1776,0,2310
8,1786,0,2311
13,1780,0,2312
7,1787,0,2313
7,1802,0,2314
9,1758,0,2315
3,1815,0,2316
10,1731,0,2317
5,1785,0,2318
7,1746,0,2319
6,1774,0,2320
1,1779,0,2321
8,1758,0,2322
6,1782,0,2323
9,1753,0,2324
8,1760,0,2325
8,1776,0,2326
8,1787,0,2327
6,1747,0,2328
9,1778,0,2329
10,1803,0,2330
7,1799,0,2331
5,1801,0,2332
10,1707,0,2333
7,1786,0,2334
9,1759,0,2335
7,1777,0,2336
13,1751,0,2337
12,1770,0,2338
12,1799,0,2339
9,1803,0,2340
7,1775,0,2341
10,1747,0,2342
10,1806,0,2343
9,1792,0,2344
9,1786,0,2345
6,1788,0,2346
13,1755,0,2347
11,1742,0,2348
6,1782,0,2349
6,1772,0,2350
7,1796,0,2351
10,1800,0,2352
13,1794,0,2353
10,1777,0,2354
6,1765,0,2355
8,1778,0,2356
10,1757,0,2357
5,1771,0,2358
6,1741,0,2359
10,1780,0,2360
11,1780,0,2361
9,1764,0,2362
5,1785,0,2363
11,1783,0,2364
8,1756,0,2365
7,1772,0,2366
10,1786,0,2367
8,1750,0,2368
9,1772,0,2369
5,1801,0,2370
17,1724,0,2371
14,1752,0,2372
7,1808,0,2373
11,1775,0,2374
15,1762,0,2375
7,1794,0,2376
9,1761,0,2377
7,1801,0,2378
14,1764,0,2379
17,1777,0,2380
11,1833,0,2381
8,1772,0,2382
11,1741,0,2383
13,1771,0,2384
10,1822,0,2385
10,1767,0,2386
13,1773,0,2387
13,1798,0,2388
7,1804,0,2389
13,1810,0,2390
15,1784,0,2391
14,1798,0,2392
11,1792,0,2393
11,1807,0,2394
10,1783,0,2395
8,1768,0,2396
13,1756,0,2397
19,1774,0,2398
8,1768,0,2399
11,1822,0,2400
10,1764,0,2401
10,1777,0,2402
12,1802,0,2403
13,1806,0,2404
5,1810,0,2405
8,1753,0,2406
12,1787,0,2407
7,1776,0,2408
6,1795,0,2409
15,1826,0,2410
13,1787,0,2411
7,1795,0,2412
11,1804,0,2413
13,1801,0,2414
10,1770,0,2415
11,1786,0,2416
9,1771,0,2417
11,1805,0,2418
10,1811,0,2419
18,1794,0,2420
10,1798,0,2421
9,1778,0,2422
15,1792,0,2423
16,1802,0,2424
6,1780,0,2425
12,1794,0,2426
10,1791,0,2427
10,1774,0,2428
13,1795,0,2429
12,1746,0,2430
13,1791,0,2431
10,1790,0,2432
12,1793,0,2433
11,1790,0,2434
5,1860,0,2435
8,1818,0,2436
13,1800,0,2437
10,1771,0,2438
18,1737,0,2439
9,1800,0,2440
9,1807,0,2441
13,1835,0,2442
12,1782,0,2443
9,1806,0,2444
13,1796,0,2445
15,1787,0,2446
12,1776,0,2447
7,1795,0,2448
10,1756,0,2449
12,1792,0,2450
15,1832,0,2451
6,1795,0,2452
13,1792,0,2453
14,1793,0,2454
8,1752,0,2455
11,1780,0,2456
8,1786,0,2457
10,1731,0,2458
11,1738,0,2459
10,1783,0,2460
1,1780,0,2461
11,1826,0,2462
7,1812,0,2463
7,1772,0,2464
11,1762,0,2465
19,1797,0,2466
7,1789,0,2467
10,1813,0,2468
12,1821,0,2469
4,1795,0,2470
12,1819,0,2471
6,1782,0,2472
7,1823,0,2473
11,1832,0,2474
9,1760,0,2475
8,1814,0,2476
10,1796,0,2477
10,1850,0,2478
12,1777,0,2479
8,1815,0,2480
13,1828,0,2481
12,1803,0,2482
12,1783,0,2483
10,1772,0,2484
14,1830,0,2485
7,1807,0,2486
12,1839,0,2487
9,1816,0,2488
15,1807,0,2489
10,1806,0,2490
16,1753,0,2491
5,1867,0,2492
13,1864,0,2493
8,1836,0,2494
11,1820,0,2495
14,1807,0,2496
11,1791,0,2497
15,1807,0,2498
11,1832,0,2499
14,1771,0,2500
9,1837,0,2501
17,1761,0,2502
8,1762,0,2503
7,1812,0,2504
10,1787,0,2505
16,1807,0,2506
15,1832,0,2507
17,1784,0,2508
16,1830,0,2509
20,1785,0,2510
11,1869,0,2511
9,1837,0,2512
13,1811,0,2513
19,1833,0,2514
9,1789,0,2515
13,1843,0,2516
13,1845,0,2517
10,1823,0,2518
10,1823,0,2519
20,1837,0,2520
8,1869,0,2521
13,1835,0,2522
11,1822,0,2523
5,1791,0,2524
20,1769,0,2525
11,1806,0,2526
14,1807,0,2527
5,1808,0,2528
14,1808,0,2529
10,1825,0,2530
10,1817,0,2531
13,1802,0,2532
8,1813,0,2533
12,1854,0,2534
15,1836,0,2535
15,1792,0,2536
15,1780,0,2537
7,1786,0,2538
7,1822,0,2539
8,1798,0,2540
8,1764,0,2541
7,1805,0,2542
8,1763,0,2543
8,1830,0,2544
14,1800,0,2545
12,1819,0,2546
8,1803,0,2547
8,1835,0,2548
10,1789,0,2549
5,1797,0,2550
12,1805,0,2551
8,1784,0,2552
3,1808,0,2553
11,1783,0,2554
8,1774,0,2555
4,1767,0,2556
8,1842,0,2557
4,1834,0,2558
12,1805,0,2559
10,1804,0,2560
4,1822,0,2561
7,1797,0,2562
11,1787,0,2563
7,1783,0,2564
12,1799,0,2565
5,1846,0,2566
8,1804,0,2567
8,1802,0,2568
8,1847,0,2569
6,1829,0,2570
11,1788,0,2571
5,1819,0,2572
5,1836,0,2573
10,1800,0,2574
7,1819,0,2575
12,1859,0,2576
6,1813,0,2577
9,1782,0,2578
9,1825,0,2579
6,1787,0,2580
2,1821,0,2581
16,1783,0,2582
7,1816,0,2583
6,1784,0,2584
11,1807,0,2585
5,1821,0,2586
8,1811,0,2587
6,1832,0,2588
2,1772,0,2589
7,1817,0,2590
6,1767,0,2591
8,1831,0,2592
5,1856,0,2593
5,1759,0,2594
6,1786,0,2595
9,1793,0,2596
5,1800,0,2597
6,1813,0,2598
5,1852,0,2599
9,1845,0,2600
5,1852,0,2601
3,1809,0,2602
3,1836,0,2603
5,1779,0,2604
3,1813,0,2605
5,1742,0,2606
4,1842,0,2607
8,1804,0,2608
3,1812,0,2609
5,1810,0,2610
7,1836,0,2611
6,1818,0,2612
3,1826,0,2613
9,1834,0,2614
5,1823,0,2615
4,1809,0,2616
6,1801,0,2617
3,1846,0,2618
11,1817,0,2619
4,1826,0,2620
6,1823,0,2621
5,1848,0,2622
3,1830,0,2623
6,1834,0,2624
2,1771,0,2625
7,1791,0,2626
4,1815,0,2627
4,1806,0,2628
5,1806,0,2629
8,1840,0,2630
5,1879,0,2631
4,1851,0,2632
11,1833,0,2633
15,1803,0,2634
10,1807,0,2635
7,1850,0,2636
7,1818,0,2637
7,1846,0,2638
7,1819,0,2639
8,1815,0,2640
9,1818,0,2641
11,1820,0,2642
8,1853,0,2643
7,1795,0,2644
5,1833,0,2645
11,1833,0,2646
7,1798,0,2647
12,1810,0,2648
3,1820,0,2649
3,1831,0,2650
5,1810,0,2651
8,1801,0,2652
8,1792,0,2653
4,1814,0,2654
5,1795,0,2655
2,1836,0,2656
2,1842,0,2657
1,1797,0,2658
10,1805,0,2659
3,1786,0,2660
5,1818,0,2661
7,1801,0,2662
4,1821,0,2663
7,1788,0,2664
2,1816,0,2665
5,1797,0,2666
2,1799,0,2667
3,1808,0,2668
8,1799,0,2669
5,1799,0,2670
3,1814,0,2671
2,1825,0,2672
3,1798,0,2673
3,1797,0,2674
6,1818,0,2675
2,1817,0,2676
1,1817,0,2677
1,1801,0,2678
2,1799,0,2679
3,1835,0,2680
3,1785,0,2681
0,1847,0,2682
4,1824,0,2683
0,1831,0,2684
3,1791,0,2685
1,1807,0,2686
1,1819,0,2687
3,1861,0,2688
1,1824,0,2689
3,1823,0,2690
2,1812,0,2691
3,1818,0,2692
1,1809,0,2693
4,1831,0,2694
6,1844,0,2695
4,1852,0,2696
3,1795,0,2697
1,1839,0,2698
2,1803,0,2699
0,1806,0,2700
0,1831,0,2701
4,1782,0,2702
2,1836,0,2703
1,1762,0,2704
3,1818,0,2705
0,1849,0,2706
2,1784,0,2707
3,1820,0,2708
1,1792,0,2709
4,1847,0,2710
1,1829,0,2711
4,1851,0,2712
2,1870,0,2713
5,1826,0,2714
4,1853,0,2715
1,1796,0,2716
0,1839,0,2717
3,1838,0,2718
2,1777,0,2719
2,1803,0,2720
3,1840,0,2721
1,1776,0,2722
2,1821,0,2723
1,1794,0,2724
2,1842,0,2725
4,1825,0,2726
1,1795,0,2727
5,1845,0,2728
1,1822,0,2729
4,1833,0,2730
0,1783,0,2731
1,1823,0,2732
1,1829,0,2733
2,1801,0,2734
1,1800,0,2735
1,1792,0,2736
1,1809,0,2737
2,1803,0,2738
0,1823,0,2739
2,1837,0,2740
0,1816,0,2741
1,1823,0,2742
2,1819,0,2743
2,1853,0,2744
2,1805,0,2745
3,1803,0,2746
2,1785,0,2747
1,1777,0,2748
0,1788,0,2749
4,1856,0,2750
2,1841,0,2751
4,1807,0,2752
1,1850,0,2753
0,1838,0,2754
1,1833,0,2755
3,1804,0,2756
3,1831,0,2757
1,1776,0,2758
0,1800,0,2759
1,1805,0,2760
2,1757,0,2761
2,1796,0,2762
2,1783,0,2763
2,1788,0,2764
1,1809,0,2765
0,1801,0,2766
0,1827,0,2767
2,1815,0,2768
1,1837,0,2769
3,1783,0,2770
3,1833,0,2771
2,1797,0,2772
2,1807,0,2773
3,1785,0,2774
0,1816,0,2775
2,1805,0,2776
3,1820,0,2777
4,1789,0,2778
0,1801,0,2779
1,1799,0,2780
3,1824,0,2781
4,1811,0,2782
2,1800,0,2783
1,1767,0,2784
3,1821,0,2785
1,1787,0,2786
4,1792,0,2787
3,1814,0,2788
3,1776,0,2789
2,1832,0,2790
2,1805,0,2791
4,1778,0,2792
3,1787,0,2793
7,1790,0,2794
8,1789,0,2795
2,1809,0,2796
2,1795,0,2797
0,1776,0,2798
3,1838,0,2799
2,1806,0,2800
6,1795,0,2801
2,1810,0,2802
2,1819,0,2803
9,1822,0,2804
5,1781,0,2805
4,1796,0,2806
2,1745,0,2807
6,1774,0,2808
3,1810,0,2809
2,1789,0,2810
1,1782,0,2811
2,1830,0,2812
2,1796,0,2813
1,1812,0,2814
2,1829,0,2815
4,1854,0,2816
4,1831,0,2817
2,1824,0,2818
4,1828,0,2819
2,1852,0,2820
3,1803,0,2821
3,1774,0,2822
4,1817,0,2823
2,1797,0,2824
1,1795,0,2825
5,1834,0,2826
3,1800,0,2827
4,1837,0,2828
1,1837,0,2829
3,1801,0,2830
4,1805,0,2831
5,1817,0,2832
3,1799,0,2833
5,1828,0,2834
3,1787,0,2835
1,1820,0,2836
5,1789,0,2837
1,1829,0,2838
3,1822,0,2839
5,1809,0,2840
1,1782,0,2841
5,1823,0,2842
5,1839,0,2843
1,1807,0,2844
4,1822,0,2845
3,1869,0,2846
7,1836,0,2847
3,1826,0,2848
2,1843,0,2849
5,1781,0,2850
3,1783,0,2851
4,1826,0,2852
0,1832,0,2853
7,1824,0,2854
3,1815,0,2855
1,1796,0,2856
1,1780,0,2857
3,1774,0,2858
0,1804,0,2859
0,1772,0,2860
1,1771,0,2861
2,1800,0,2862
5,1770,0,2863
2,1793,0,2864
1,1802,0,2865
2,1805,0,2866
1,1822,0,2867
2,1825,0,2868
3,1781,0,2869
2,1787,0,2870
3,1803,0,2871
3,1819,0,2872
6,1805,0,2873
1,1800,0,2874
0,1815,0,2875
3,1802,0,2876
3,1791,0,2877
2,1834,0,2878
3,1767,0,2879
5,1829,0,2880
2,1825,0,2881
1,1791,0,2882
0,1836,0,2883
4,1819,0,2884
0,1811,0,2885
2,1816,0,2886
2,1801,0,2887
1,1786,0,2888
0,1794,0,2889
1,1796,0,2890
0,1793,0,2891
2,1853,0,2892
1,1816,0,2893
0,1822,0,2894
1,1814,0,2895
1,1824,0,2896
1,1791,0,2897
1,1778,0,2898
3,1824,0,2899
0,1792,0,2900
1,1779,0,2901
1,1800,0,2902
3,1815,0,2903
0,1804,0,2904
0,1816,0,2905
0,1800,0,2906
0,1793,0,2907
3,1836,0,2908
2,1808,0,2909
3,1799,0,2910
1,1836,0,2911
1,1808,0,2912
0,1791,0,2913
0,1836,0,2914
1,1770,0,2915
0,1778,0,2916
0,1825,0,2917
0,1837,0,2918
0,1813,0,2919
0,1779,0,2920
3,1815,0,2921
1,1805,0,2922
2,1815,0,2923
0,1807,0,2924
1,1810,0,2925
0,1798,0,2926
1,1771,0,2927
0,1859,0,2928
1,1825,0,2929
1,1806,0,2930
2,1839,0,2931
2,1796,0,2932
2,1817,0,2933
1,1801,0,2934
4,1816,0,2935
3,1858,0,2936
1,1819,0,2937
2,1819,0,2938
1,1764,0,2939
2,1818,0,2940
2,1830,0,2941
2,1868,0,2942
3,1797,0,2943
3,1811,0,2944
3,1820,0,2945
1,1828,0,2946
2,1847,0,2947
4,1787,0,2948
1,1844,0,2949
0,1796,0,2950
0,1838,0,2951
0,1803,0,2952
0,1804,0,2953
1,1814,0,2954
2,1800,0,2955
2,1789,0,2956
1,1818,0,2957
1,1839,0,2958
0,1790,0,2959
3,1793,0,2960
1,1836,0,2961
0,1837,0,2962
2,1827,0,2963
0,1805,0,2964
0,1813,0,2965
1,1838,0,2966
1,1812,0,2967
2,1783,0,2968
1,1777,0,2969
1,1805,0,2970
1,1797,0,2971
0,1860,0,2972
1,1847,0,2973
1,1803,0,2974
3,1796,0,2975
0,1806,0,2976
1,1821,0,2977
2,1830,0,2978
1,1800,0,2979
0,1782,0,2980
1,1792,0,2981
0,1760,0,2982
0,1822,0,2983
0,1844,0,2984
0,1788,0,2985
0,1850,0,2986
0,1789,0,2987
1,1813,0,2988
1,1811,0,2989
3,1785,0,2990
0,1815,0,2991
1,1783,0,2992
2,1811,0,2993
2,1775,0,2994
0,1762,0,2995
1,1809,0,2996
1,1776,0,2997
1,1823,0,2998
1,1795,0,2999
0,1801,0,3000
0,1812,0,3001
0,1799,0,3002
2,1804,0,3003
2,1791,0,3004
1,1812,0,3005
1,1805,0,3006
0,1785,0,3007
2,1814,0,3008
0,1834,0,3009
0,1828,0,3010
0,1778,0,3011
3,1831,0,3012
3,1808,0,3013
0,1826,0,3014
3,1817,0,3015
0,1822,0,3016
0,1813,0,3017
1,1793,0,3018
3,1831,0,3019
2,1764,0,3020
1,1781,0,3021
1,1806,0,3022
0,1752,0,3023
1,1801,0,3024
1,1789,0,3025
0,1839,0,3026
2,1766,0,3027
0,1814,0,3028
0,1796,0,3029
2,1805,0,3030
1,1796,0,3031
2,1788,0,3032
0,1828,0,3033
2,1784,0,3034
2,1814,0,3035
1,1820,0,3036
1,1824,0,3037
3,1829,0,3038
1,1837,0,3039
1,1846,0,3040
3,1805,0,3041
1,1791,0,3042
1,1828,0,3043
0,1807,0,3044
1,1815,0,3045
0,1819,0,3046
0,1815,0,3047
3,1810,0,3048
0,1792,0,3049
0,1838,0,3050
2,1856,0,3051
2,1815,0,3052
0,1854,0,3053
0,1830,0,3054
0,1818,0,3055
1,1780,0,3056
1,1836,0,3057
1,1799,0,3058
2,1825,0,3059
0,1784,0,3060
1,1806,0,3061
3,1783,0,3062
2,1795,0,3063
3,1778,0,3064
0,1800,0,3065
2,1753,0,3066
1,1815,0,3067
2,1784,0,3068
0,1814,0,3069
1,1777,0,3070
0,1854,0,3071
3,1796,0,3072
0,1812,0,3073
0,1779,0,3074
0,1760,0,3075
1,1822,0,3076
1,1810,0,3077
2,1789,0,3078
2,1817,0,3079
2,1762,0,3080
2,1780,0,3081
2,1835,0,3082
1,1793,0,3083
3,1790,0,3084
2,1804,0,3085
0,1793,0,3086
1,1731,0,3087
1,1815,0,3088
1,1741,0,3089
2,1799,0,3090
1,1800,0,3091
2,1765,0,3092
0,1778,0,3093
2,1770,0,3094
0,1792,0,3095
0,1828,0,3096
0,1814,0,3097
1,1769,0,3098
0,1788,0,3099
1,1827,0,3100
0,1789,0,3101
1,1813,0,3102
1,1849,0,3103
2,1795,0,3104
2,1789,0,3105
2,1805,0,3106
1,1808,0,3107
2,1807,0,3108
0,1819,0,3109
0,1817,0,3110
1,1816,0,3111
0,1830,0,3112
2,1787,0,3113
0,1845,0,3114
2,1781,0,3115
2,1820,0,3116
3,1796,0,3117
0,1831,0,3118
0,1797,0,3119
3,1803,0,3120
1,1816,0,3121
1,1811,0,3122
0,1835,0,3123
1,1858,0,3124
0,1830,0,3125
0,1835,0,3126
3,1788,0,3127
0,1782,0,3128
0,1770,0,3129
3,1828,0,3130
2,1781,0,3131
0,1797,0,3132
2,1798,0,3133
0,1756,0,3134
1,1800,0,3135
1,1809,0,3136
2,1790,0,3137
0,1788,0,3138
0,1813,0,3139
0,1846,0,3140
1,1822,0,3141
0,1777,0,3142
1,1791,0,3143
1,1823,0,3144
1,1831,0,3145
0,1775,0,3146
0,1819,0,3147
2,1791,0,3148
1,1783,0,3149
1,1838,0,3150
0,1770,0,3151
2,1782,0,3152
3,1818,0,3153
1,1798,0,3154
0,1822,0,3155
0,1809,0,3156
1,1778,0,3157
3,1856,0,3158
0,1810,0,3159
0,1808,0,3160
1,1739,0,3161
0,1852,0,3162
0,1784,0,3163
2,1825,0,3164
2,1810,0,3165
0,1771,0,3166
2,1852,0,3167
0,1782,0,3168
1,1813,0,3169
0,1817,0,3170
1,1849,0,3171
1,1760,0,3172
0,1787,0,3173
1,1797,0,3174
0,1804,0,3175
3,1788,0,3176
3,1762,0,3177
2,1800,0,3178
0,1815,0,3179
1,1798,0,3180
0,1800,0,3181
3,1788,0,3182
1,1817,0,3183
0,1770,0,3184
0,1822,0,3185
0,1795,0,3186
0,1806,0,3187
2,1823,0,3188
0,1802,0,3189
1,1805,0,3190
2,1763,0,3191
3,1822,0,3192
1,1841,0,3193
1,1863,0,3194
1,1794,0,3195
2,1796,0,3196
2,1803,0,3197
0,1788,0,3198
1,1813,0,3199
1,1822,0,3200
0,1812,0,3201
2,1804,0,3202
1,1809,0,3203
1,1761,0,3204
1,1817,0,3205
4,1821,0,3206
2,1831,0,3207
3,1804,0,3208
2,1804,0,3209
3,1791,0,3210
2,1803,0,3211
1,1838,0,3212
1,1784,0,3213
4,1777,0,3214
1,1809,0,3215
1,1773,0,3216
1,1784,0,3217
2,1832,0,3218
0,1800,0,3219
1,1837,0,3220
1,1817,0,3221
0,1795,0,3222
3,1819,0,3223
1,1829,0,3224
3,1825,0,3225
4,1829,0,3226
2,1832,0,3227
0,1800,0,3228
2,1816,0,3229
5,1809,0,3230
1,1787,0,3231
7,1784,0,3232
3,1793,0,3233
3,1788,0,3234
2,1774,0,3235
2,1811,0,3236
2,1783,0,3237
2,1814,0,3238
3,1814,0,3239
1,1790,0,3240
0,1790,0,3241
1,1808,0,3242
3,1779,0,3243
1,1837,0,3244
0,1834,0,3245
7,1811,0,3246
2,1814,0,3247
3,1807,0,3248
3,1837,0,3249
2,1781,0,3250
1,1792,0,3251
3,1827,0,3252
3,1758,0,3253
1,1815,0,3254
2,1824,0,3255
2,1787,0,3256
0,1792,0,3257
1,1803,0,3258
1,1800,0,3259
3,1788,0,3260
1,1806,0,3261
1,1806,0,3262
0,1808,0,3263
2,1788,0,3264
4,1759,0,3265
1,1839,0,3266
0,1840,0,3267
2,1768,0,3268
0,1823,0,3269
0,1800,0,3270
3,1773,0,3271
1,1811,0,3272
1,1793,0,3273
4,1806,0,3274
3,1804,0,3275
4,1834,0,3276
3,1804,0,3277
4,1796,0,3278
2,1805,0,3279
8,1840,0,3280
2,1804,0,3281
3,1821,0,3282
0,1816,0,3283
4,1839,0,3284
2,1825,0,3285
3,1778,0,3286
1,1833,0,3287
1,1809,0,3288
3,1807,0,3289
3,1781,0,3290
2,1850,0,3291
4,1836,0,3292
4,1816,0,3293
3,1834,0,3294
6,1820,0,3295
0,1795,0,3296
2,1812,0,3297
3,1790,0,3298
2,1861,0,3299
6,1802,0,3300
1,1797,0,3301
3,1787,0,3302
2,1788,0,3303
2,1848,0,3304
0,1837,0,3305
3,1821,0,3306
0,1844,0,3307
1,1826,0,3308
1,1813,0,3309
0,1829,0,3310
3,1846,0,3311
1,1844,0,3312
1,1790,0,3313
4,1861,0,3314
0,1833,0,3315
0,1817,0,3316
0,1814,0,3317
1,1810,0,3318
4,1776,0,3319
1,1831,0,3320
1,1807,0,3321
1,1856,0,3322
3,1802,0,3323
2,1836,0,3324
2,1791,0,3325
4,1790,0,3326
2,1810,0,3327
4,1764,0,3328
3,1768,0,3329
1,1826,0,3330
2,1810,0,3331
1,1817,0,3332
0,1802,0,3333
1,1818,0,3334
3,1829,0,3335
0,1829,0,3336
0,1777,0,3337
2,1804,0,3338
2,1826,0,3339
1,1837,0,3340
2,1816,0,3341
1,1798,0,3342
5,1792,0,3343
0,1836,0,3344
8,1792,0,3345
3,1817,0,3346
3,1827,0,3347
4,1788,0,3348
2,1819,0,3349
3,1806,0,3350
2,1820,0,3351
2,1829,0,3352
2,1811,0,3353
1,1785,0,3354
1,1825,0,3355
0,1837,0,3356
2,1839,0,3357
3,1791,0,3358
2,1849,0,3359
3,1821,0,3360
2,1781,0,3361
2,1825,0,3362
1,1799,0,3363
1,1801,0,3364
1,1802,0,3365
3,1836,0,3366
4,1781,0,3367
1,1821,0,3368
2,1779,0,3369
1,1787,0,3370
1,1774,0,3371
1,1789,0,3372
3,1781,0,3373
5,1792,0,3374
1,1809,0,3375
2,1772,0,3376
0,1790,0,3377
1,1791,0,3378
1,1854,0,3379
5,1796,0,3380
4,1766,0,3381
3,1771,0,3382
3,1816,0,3383
1,1777,0,3384
0,1809,0,3385
0,1825,0,3386
0,1795,0,3387
0,1734,0,3388
3,1804,0,3389
0,1782,0,3390
0,1814,0,3391
2,1760,0,3392
0,1810,0,3393
1,1776,0,3394
0,1779,0,3395
0,1859,0,3396
2,1779,0,3397
1,1793,0,3398
3,1806,0,3399
0,1801,0,3400
0,1787,0,3401
0,1764,0,3402
0,1814,0,3403
2,1831,0,3404
1,1802,0,3405
2,1839,0,3406
1,1818,0,3407
2,1814,0,3408
0,1774,0,3409
0,1773,0,3410
0,1816,0,3411
1,1821,0,3412
0,1833,0,3413
1,1810,0,3414
0,1780,0,3415
0,1797,0,3416
0,1822,0,3417
0,1822,0,3418
0,1807,0,3419
2,1827,0,3420
3,1829,0,3421
1,1746,0,3422
2,1809,0,3423
2,1780,0,3424
2,1799,0,3425
1,1826,0,3426
1,1774,0,3427
0,1822,0,3428
0,1842,0,3429
0,1800,0,3430
1,1758,0,3431
0,1757,0,3432
2,1795,0,3433
1,1801,0,3434
2,1780,0,3435
0,1811,0,3436
1,1737,0,3437
1,1754,0,3438
1,1799,0,3439
2,1804,0,3440
2,1801,0,3441
2,1834,0,3442
0,1808,0,3443
1,1792,0,3444
1,1766,0,3445
1,1777,0,3446
0,1804,0,3447
1,1764,0,3448
0,1826,0,3449
0,1810,0,3450
1,1795,0,3451
1,1840,0,3452
0,1810,0,3453
1,1779,0,3454
1,1829,0,3455
3,1796,0,3456
3,1773,0,3457
1,1794,0,3458
1,1832,0,3459
1,1834,0,3460
0,1804,0,3461
0,1799,0,3462
0,1836,0,3463
1,1828,0,3464
0,1800,0,3465
1,1812,0,3466
2,1772,0,3467
1,1807,0,3468
0,1809,0,3469
1,1820,0,3470
2,1808,0,3471
0,1779,0,3472
1,1795,0,3473
2,1820,0,3474
0,1802,0,3475
0,1806,0,3476
3,1779,0,3477
0,1841,0,3478
0,1824,0,3479
0,1829,0,3480
2,1842,0,3481
1,1799,0,3482
1,1804,0,3483
1,1810,0,3484
1,1811,0,3485
1,1819,0,3486
0,1783,0,3487
1,1806,0,3488
0,1771,0,3489
2,1844,0,3490
1,1816,0,3491
1,1813,0,3492
0,1827,0,3493
1,1795,0,3494
1,1827,0,3495
1,1823,0,3496
0,1853,0,3497
1,1776,0,3498
1,1835,0,3499
